item_id,title,features
1,Item_1,Comedy Action Romance
2,Item_2,Sci-Fi
3,Item_3,Comedy
4,Item_4,Fantasy Comedy Thriller
5,Item_5,Action
6,Item_6,Sci-Fi
7,Item_7,Fantasy
8,Item_8,Action Fantasy Sci-Fi
9,Item_9,Fantasy Thriller Sci-Fi
10,Item_10,Documentary Romance
11,Item_11,Drama
12,Item_12,Thriller Horror Romance
13,Item_13,Sci-Fi
14,Item_14,Comedy Documentary
15,Item_15,Comedy Horror
16,Item_16,Documentary Romance
17,Item_17,Animation
18,Item_18,Comedy Thriller Documentary
19,Item_19,Romance Horror Sci-Fi
20,Item_20,Comedy Action Sci-Fi
21,Item_21,Comedy Sci-Fi
22,Item_22,Thriller
23,Item_23,Animation Horror
24,Item_24,Horror
25,Item_25,Sci-Fi Romance
26,Item_26,Comedy Drama Sci-Fi
27,Item_27,Animation
28,Item_28,Romance Fantasy
29,Item_29,Horror
30,Item_30,Sci-Fi
31,Item_31,Horror
32,Item_32,Romance Comedy
33,Item_33,Documentary
34,Item_34,Horror Sci-Fi Animation
35,Item_35,Animation Drama
36,Item_36,Drama Sci-Fi
37,Item_37,Fantasy Documentary Romance
38,Item_38,Documentary Thriller Fantasy
39,Item_39,Sci-Fi Drama
40,Item_40,Animation Comedy Action
41,Item_41,Drama
42,Item_42,Drama Thriller Comedy
43,Item_43,Thriller Animation
44,Item_44,Romance Fantasy Action
45,Item_45,Comedy Fantasy Romance
46,Item_46,Horror Comedy Romance
47,Item_47,Drama Animation
48,Item_48,Romance
49,Item_49,Drama Fantasy Comedy
50,Item_50,Romance Fantasy Sci-Fi
