user_id,item_id,rating
101,39,3
101,21,2
101,32,1
101,2,1
101,8,3
101,24,3
101,20,2
101,16,2
102,14,4
102,35,4
102,47,3
102,45,4
102,13,1
102,20,2
102,26,5
102,43,4
102,42,3
102,24,1
102,29,1
102,34,4
102,40,3
102,8,3
103,43,1
103,32,3
103,14,5
103,35,2
103,9,5
103,37,5
103,45,5
103,31,1
103,16,1
103,50,3
103,27,3
103,13,4
104,35,1
104,29,1
104,9,5
104,28,1
104,12,1
104,18,4
104,30,4
104,16,5
104,5,3
104,49,3
104,36,4
105,25,3
105,17,2
105,30,2
105,19,2
105,28,2
105,45,1
105,36,5
105,43,5
106,38,2
106,31,3
106,33,1
106,34,4
106,11,3
106,4,1
106,48,2
106,6,1
107,43,4
107,46,3
107,21,3
107,16,3
107,17,1
107,26,3
107,9,5
107,50,2
107,42,5
107,20,4
107,30,2
108,11,2
108,29,4
108,35,1
108,46,3
108,20,5
108,40,4
108,42,4
108,34,4
108,1,5
108,36,4
108,47,2
108,7,2
109,6,2
109,41,4
109,28,5
109,18,3
109,3,1
109,1,3
109,22,1
109,9,4
110,3,3
110,20,5
110,24,4
110,50,4
110,23,4
110,14,2
110,44,5
110,16,1
110,7,2
110,46,4
111,25,4
111,3,1
111,31,2
111,15,3
111,13,4
111,30,4
111,23,1
111,20,4
111,47,4
112,17,2
112,12,5
112,38,5
112,50,5
112,3,1
112,7,5
112,39,2
112,28,4
112,23,3
113,5,5
113,43,4
113,22,4
113,40,5
113,21,5
113,49,4
113,8,5
113,20,5
113,33,2
113,45,3
113,27,1
113,46,2
113,26,4
113,19,4
114,29,4
114,44,2
114,14,4
114,33,3
114,31,3
114,11,2
114,43,5
114,6,1
114,19,5
114,47,5
114,40,5
114,22,2
114,49,3
114,16,5
114,20,3
115,50,2
115,28,1
115,15,3
115,12,2
115,45,3
115,34,2
115,30,3
115,4,3
115,36,5
116,49,4
116,16,2
116,41,4
116,18,2
116,34,5
116,32,1
116,48,2
116,50,4
116,47,4
116,29,3
116,5,2
116,19,2
117,35,2
117,30,2
117,27,3
117,4,5
117,14,5
117,48,2
117,25,3
117,38,4
117,2,2
117,37,5
117,44,3
117,31,1
117,1,3
118,40,4
118,35,5
118,2,2
118,26,3
118,38,4
118,37,3
118,43,4
118,48,2
118,6,3
118,28,2
119,6,2
119,31,1
119,2,2
119,35,2
119,4,4
119,23,3
119,15,1
119,42,5
119,5,2
119,3,3
119,48,4
119,16,4
120,20,3
120,7,2
120,38,3
120,2,2
120,50,1
120,37,5
120,44,1
120,25,2
120,26,5
120,13,3
121,32,5
121,7,2
121,28,2
121,24,4
121,41,1
121,30,2
121,10,5
121,48,2
121,12,5
121,34,5
121,18,5
121,35,3
121,31,4
121,45,3
122,23,3
122,17,4
122,22,3
122,18,3
122,39,5
122,45,2
122,47,5
122,36,5
122,1,3
122,34,3
122,13,1
123,43,4
123,38,4
123,24,2
123,31,2
123,36,3
123,34,4
123,23,2
123,28,1
123,46,2
123,22,4
123,44,2
123,30,5
124,13,2
124,19,3
124,15,1
124,24,2
124,12,4
124,20,3
124,1,3
124,35,1
124,9,5
125,12,2
125,4,3
125,17,4
125,31,1
125,8,5
125,5,3
125,26,2
125,32,3
125,45,5
125,37,5
125,49,4
125,10,5
125,39,3
126,41,1
126,14,5
126,17,3
126,43,3
126,6,2
126,11,1
126,16,4
126,12,2
126,36,2
126,5,5
126,45,3
127,35,4
127,15,2
127,42,3
127,10,3
127,18,5
127,47,4
127,5,3
127,4,2
127,11,3
128,39,3
128,17,3
128,2,2
128,6,2
128,15,5
128,44,5
128,37,3
128,38,3
128,48,3
128,18,4
128,45,5
128,3,4
128,12,4
129,19,5
129,43,3
129,26,3
129,36,4
129,3,5
129,30,4
129,6,5
129,21,5
129,17,3
129,49,3
129,8,4
129,48,2
129,33,2
129,1,4
129,35,5
130,46,3
130,11,2
130,20,5
130,36,2
130,1,5
130,47,4
130,27,5
130,6,3
130,15,5
130,8,4
130,30,3
131,5,3
131,18,4
131,27,3
131,22,5
131,33,3
131,49,4
131,1,4
131,19,5
131,20,5
131,38,5
132,15,5
132,27,2
132,3,1
132,21,5
132,31,3
132,25,5
132,45,5
132,43,1
132,42,2
132,10,3
132,32,2
132,48,1
132,9,5
132,33,2
133,44,1
133,35,3
133,25,1
133,21,3
133,41,3
133,32,4
133,49,4
133,3,3
133,40,3
133,5,2
133,16,3
133,19,2
133,15,4
134,37,3
134,44,2
134,12,5
134,11,4
134,48,1
134,6,5
134,40,2
134,25,5
134,49,4
134,16,1
134,32,3
134,38,4
134,10,2
134,15,3
135,31,1
135,7,3
135,16,4
135,25,4
135,37,5
135,23,4
135,46,4
135,19,4
135,43,5
135,2,2
135,26,4
135,18,3
135,1,3
135,44,4
136,19,5
136,21,2
136,48,2
136,27,2
136,12,5
136,13,2
136,9,2
136,35,3
136,24,5
137,36,3
137,24,2
137,6,5
137,26,3
137,1,2
137,17,2
137,35,3
137,8,5
137,30,4
137,49,5
137,45,1
137,38,2
137,25,3
137,41,3
138,35,3
138,9,5
138,25,3
138,30,2
138,24,1
138,43,4
138,50,4
138,27,5
138,38,5
138,10,2
138,45,4
139,4,4
139,26,2
139,18,2
139,13,2
139,8,3
139,30,2
139,6,2
139,43,2
139,14,2
139,41,2
139,39,1
139,2,2
139,50,4
140,8,4
140,43,2
140,2,1
140,9,4
140,1,5
140,23,1
140,16,3
140,38,5
140,21,3
140,48,4
